id,firstname,lastname,email,profession
100,Averyl,Zrike,Averyl.Zrike@yopmail.com,police,officer
101,Jacenta,Morgun,Jacenta.Morgun@yopmail.com,doctor
102,Pamella,Minetta,Pamella.Minetta@yopmail.com,firefighter
103,Nyssa,Leffen,Nyssa.Leffen@yopmail.com,firefighter
104,Mildrid,Seagraves,Mildrid.Seagraves@yopmail.com,doctor
105,Alisha,Faso,Alisha.Faso@yopmail.com,police,officer
106,Sheelagh,Fontana,Sheelagh.Fontana@yopmail.com,developer
107,Pierette,Meter,Pierette.Meter@yopmail.com,developer
108,Renae,Forrer,Renae.Forrer@yopmail.com,developer
109,Daphne,Baylor,Daphne.Baylor@yopmail.com,firefighter
110,Kore,Rebecka,Kore.Rebecka@yopmail.com,worker
